REM ******** TABLAS ALUMNOS, ASIGNATURAS, NOTAS: ***********
 
DROP TABLE ALUMNOS cascade constraints;
 
CREATE TABLE ALUMNOS
(
  DNI VARCHAR2(10) PRIMARY KEY,
  APENOM VARCHAR2(30),
  DIREC VARCHAR2(30),
  POBLA  VARCHAR2(15),
  TELEF  VARCHAR2(10)  
) ;
 
DROP TABLE ASIGNATURAS cascade constraints;
 
CREATE TABLE ASIGNATURAS
(
  COD NUMBER(2) PRIMARY KEY,
  NOMBRE VARCHAR2(25)
) ;
 
DROP TABLE NOTAS cascade constraints;
 
CREATE TABLE NOTAS
(
  DNI VARCHAR2(10) NOT NULL,
  COD NUMBER(2) NOT NULL,
  NOTA NUMBER(2),
  PRIMARY KEY(DNI,COD),
  FOREIGN KEY (DNI) REFERENCES ALUMNOS(DNI),
  FOREIGN KEY (COD) REFERENCES ASIGNATURAS(COD)
) ;
 
INSERT INTO ASIGNATURAS VALUES (1,'Programación');
INSERT INTO ASIGNATURAS VALUES (2,'BBDD');
INSERT INTO ASIGNATURAS VALUES (3,'Marcas');
INSERT INTO ASIGNATURAS VALUES (4,'Sistemas');
 
 
 
INSERT INTO ALUMNOS VALUES
('12344345','Alcalde García, Elena', 'C/Las Matas, 24','Madrid','917766545');
 
INSERT INTO ALUMNOS VALUES
('4448242','Cerrato Vela, Luis', 'C/Mina 28 - 3A', 'Madrid','916566545');
 
INSERT INTO ALUMNOS VALUES
('56882942','Díaz Fernández, María', 'C/Luis Vives 25', 'Móstoles','915577545');
 
INSERT INTO ALUMNOS VALUES
('2112212','Sanz Martín, Roberto', 'C/Espronceda 89', 'Madrid','914431211');
 
INSERT INTO NOTAS VALUES('12344345', 1,6);
INSERT INTO NOTAS VALUES('12344345', 2,5);
INSERT INTO NOTAS VALUES('12344345', 3,6);
INSERT INTO NOTAS VALUES('12344345', 4,6);
 
INSERT INTO NOTAS VALUES('4448242', 1,6);
INSERT INTO NOTAS VALUES('4448242', 2,8);
INSERT INTO NOTAS VALUES('4448242', 3,4);
INSERT INTO NOTAS VALUES('4448242', 4,5);
 
INSERT INTO NOTAS VALUES('56882942', 1,8);
INSERT INTO NOTAS VALUES('56882942', 2,7);
INSERT INTO NOTAS VALUES('56882942', 3,8);
INSERT INTO NOTAS VALUES('56882942', 4,9);
 
INSERT INTO NOTAS VALUES('2112212', 1,3);
INSERT INTO NOTAS VALUES('2112212', 2,3);
INSERT INTO NOTAS VALUES('2112212', 3,2);
INSERT INTO NOTAS VALUES('2112212', 4,6);
COMMIT;
 
REM ******** FIN ***********************