drop table MOVIMIENTOS;
drop table CUENTAS ;
drop table CLIENTES CASCADE CONSTRAINTS;
drop table SUCURSALES;

ALTER SESSION SET NLS_DATE_FORMAT='DD/MM/YYYY HH24:MI';

create tablE SUCURSALES
(
Num_Sucursal number primary key,
Direccion varchar2(30),
Director Varchar2(20));

create table CLIENTES
(NIF varchar2(10) primary key,
 Nombre varchar2(30) ,
 Direccion varchar2 (30) ,
 Telefono varchar2(9));

create table CUENTAS
(Num_Cuenta number primary key,
 NIF_Titular varchar2(10) references clientes(NIF),
 NIF_Cotitular varchar2(10) references clientes (NIF),
 Fecha_Abierta date,
 Num_Sucursal number references sucursales,
 Tipo char(1),
 Saldo number,
 Control char(1) );

create table MOVIMIENTOS
(Num_Cuenta number references cuentas,
 FechaHora date ,
 Importe number ,
 Concepto varchar2(30),
primary key(Num_Cuenta,FechaHora)); 

INSERT INTO SUCURSALES VALUES
(208,'VALMOJADO 89', 'ANTONIO CUENCA');

INSERT INTO SUCURSALES VALUES
(209,'ILLESCAS 211', 'ESTHER GONZALEZ');

INSERT INTO SUCURSALES VALUES
(210,'SESEÑA 80', 'ERNESTO PUESTO');
 
INSERT INTO CLIENTES VALUES
('12341234H', 'MARIANO MORENO','VALMOJADO 45',915302020);

INSERT INTO CLIENTES VALUES
('24242424K', 'LUCIA SALVADOR','CAMARENA 201',915302314);

INSERT INTO CLIENTES VALUES
('50070488U', 'ALBERTO MOTOROLA','SANTIGO 201',686133231);

INSERT INTO CLIENTES VALUES
('83838383H', 'ELVIRA MARTINEZ','YEBENES 45',916232323);

INSERT INTO CLIENTES VALUES
('21111111T', 'BENITO REYES','CANAL 49',915301000);

INSERT INTO CLIENTES VALUES
('56565656R', 'ALBA REYES','CANAL 49',915301000);


INSERT INTO CUENTAS VALUES
(11000, '24242424K', '56565656R','10/09/2007',208,'C',3500,'A');
INSERT INTO CUENTAS VALUES
(41000, '56565656R','24242424K', '10/03/2007',208,'P',-14567,'A');
INSERT INTO CUENTAS VALUES
(13000, '21111111T' ,NULL,'11/09/2005',210,'C',1500,'A');
INSERT INTO CUENTAS VALUES
(12000, '24242424K', NULL,'1/06/2009',208,'C',3500,'A');
INSERT INTO CUENTAS VALUES
(17000,'56565656R',NULL,'12/09/2008',209,'C',1230,'A');
INSERT INTO CUENTAS VALUES
(11200, '83838383H' ,NULL,'21/03/2010',210,'C',0,'A');
INSERT INTO CUENTAS VALUES
(30000,'83838383H',NULL,'21/04/2009',208,'F',12000,'A');


INSERT INTO MOVIMIENTOS VALUES
(17000,'29/09/2014 23:50',-75,'RESTAURANT LUNA');

INSERT INTO MOVIMIENTOS VALUES
(17000,'28/09/2014 13:30',-30,'GASOLINERA CAMPSA');

INSERT INTO MOVIMIENTOS VALUES
(17000,'30/09/2014 12:50',1200,'ABONO HABERES');

INSERT INTO MOVIMIENTOS VALUES
(17000,'3/10/2014 23:30',-55,'RESTAURANT LUNA');

INSERT INTO MOVIMIENTOS VALUES
(17000,'2/10/2014 12:30',-30,'GASOLINERA REPSOL');

INSERT INTO MOVIMIENTOS VALUES
(17000,'2/10/2014 20:00',-23,'TELEFONICA');

INSERT INTO MOVIMIENTOS VALUES
(17000,'5/10/2014 17:34',-57,'ALCAMPO');

INSERT INTO MOVIMIENTOS VALUES
(17000,'30/10/2014 12:50',1220,'ABONO HABERES');

INSERT INTO MOVIMIENTOS VALUES
(12000,'21/10/2014 12:30',-30,'GASOLINERA REPSOL');

INSERT INTO MOVIMIENTOS VALUES
(12000,'22/10/2014 20:00',-29,'TELEFONICA');

INSERT INTO MOVIMIENTOS VALUES
(12000,'15/10/2014 17:34',-57,'ALCAMPO');

INSERT INTO MOVIMIENTOS VALUES
(12000,'30/10/2014 12:50',1520,'ABONO HABERES');

INSERT INTO MOVIMIENTOS VALUES
(12000,'28/11/2014 12:50',1520,'ABONO HABERES');

INSERT INTO MOVIMIENTOS VALUES
(11000,'24/10/2014 13:30',-220,'REINTEGRO CAJERO');

INSERT INTO MOVIMIENTOS VALUES
(11000,'29/10/2014 23:50',-175,'ROPITA PITA');

INSERT INTO MOVIMIENTOS VALUES
(11000,'28/10/2014 13:30',-35,'GASOLINERA REPSOL');

INSERT INTO MOVIMIENTOS VALUES
(11000,'30/10/2014 12:50',1500,'ABONO HABERES');

INSERT INTO MOVIMIENTOS VALUES
(11000,'3/10/2014 13:30',-55,'ZAPATOS CHAROL');

INSERT INTO MOVIMIENTOS VALUES
(41000,'1/10/2014 10:00',-550,'AMORT. PREST');

INSERT INTO MOVIMIENTOS VALUES
(41000,'1/11/2014 10:00',-550,'AMORT. PREST');

INSERT INTO MOVIMIENTOS VALUES
(41000,'1/12/2014 10:00',-550,'AMORT. PREST');

COMMIT;